id,created_at,name,provider,model_id,config,capabilities,internal_name,integration_id,description,enabled,finetunable,tokens_million_price,depreciated,features,limitations,recommended,parameters,modalities,method,processing,model_provider_id,reference_id,internal_note,slug
1,2025-11-24 23:17:04.63912+00,Llama 3.1 8B,Cerebras,llama3.1-8b,{},[],cerebras/llama-3-1-8b,9223ad19-c22c-4dcf-ab27-57237f69dae1,,true,false,"{""input"":0,""output"":0,""audio_input"":0,""batch_input"":0,""audio_output"":0,""batch_output"":0,""cached_input"":0,""reasoning_output"":0,""batch_cached_input"":0,""cached_audio_input"":0}",false,{},{},false,"{""seed"":{""enabled"":false},""top_p"":{""enabled"":false},""verbosity"":{""enabled"":false},""max_tokens"":{""enabled"":false},""temperature"":{""enabled"":false},""presence_penalty"":{""enabled"":false},""frequency_penalty"":{""enabled"":false}}","{""input_text"":true,""input_audio"":false,""input_image"":false,""output_text"":true,""output_audio"":false,""output_image"":false}",,{},6,,,llama-3-1-8b
2,2025-11-24 23:17:04.63912+00,gpt-oss-120b,Cerebras,gpt-oss-120b,{},[],cerebras/gpt-oss-120b,9223ad19-c22c-4dcf-ab27-57237f69dae1,,true,false,"{""input"":0,""output"":0,""audio_input"":0,""batch_input"":0,""audio_output"":0,""batch_output"":0,""cached_input"":0,""reasoning_output"":0,""batch_cached_input"":0,""cached_audio_input"":0}",false,{},{},false,"{""seed"":{""enabled"":false},""top_p"":{""enabled"":false},""verbosity"":{""enabled"":false},""max_tokens"":{""enabled"":false},""temperature"":{""enabled"":false},""presence_penalty"":{""enabled"":false},""frequency_penalty"":{""enabled"":false}}","{""input_text"":true,""input_audio"":false,""input_image"":false,""output_text"":true,""output_audio"":false,""output_image"":false}",,{},6,,,gpt-oss-120b
3,2025-11-24 23:57:47.912472+00,GPT OSS 120B,Groq,openai/gpt-oss-120b,"{""method"":""response"",""features"":{""mcp"":true,""batch"":false,""tools"":true,""reasoning"":true,""streaming"":true,""fine_tuning"":false,""structured_output"":true},""modalities"":{""input_text"":true,""input_audio"":false,""input_image"":false,""output_text"":true,""output_audio"":false,""output_image"":false},""parameters"":{""seed"":{""enabled"":false},""top_p"":{""max"":1,""min"":0,""default"":0.5,""enabled"":true},""verbosity"":{""enabled"":false},""temperature"":{""max"":1,""min"":0,""default"":0.5,""enabled"":true},""presence_penalty"":{""enabled"":false},""reasoning_effort"":{""enum"":[""low"",""medium"",""high""],""default"":""medium"",""enabled"":true},""frequency_penalty"":{""enabled"":false},""max_completion_tokens"":{""min"":0,""enabled"":true}},""processing"":{}}",[],groq/gpt-oss-120b,c19eef3e-99bf-4ecf-9117-249a32b24100,,true,false,"{""input"":0,""output"":0,""audio_input"":0,""batch_input"":0,""audio_output"":0,""batch_output"":0,""cached_input"":0,""reasoning_output"":0,""batch_cached_input"":0,""cached_audio_input"":0}",false,{},{},false,"{""seed"":{""enabled"":false},""top_p"":{""enabled"":false},""verbosity"":{""enabled"":false},""max_tokens"":{""enabled"":false},""temperature"":{""enabled"":false},""presence_penalty"":{""enabled"":false},""frequency_penalty"":{""enabled"":false}}","{""input_text"":true,""input_audio"":false,""input_image"":false,""output_text"":true,""output_audio"":false,""output_image"":false}",,{},3,,,gpt-oss-120b
4,2025-11-24 23:57:47.912472+00,GPT OSS 20B,Groq,openai/gpt-oss-20b,"{""method"":""response"",""features"":{""mcp"":true,""batch"":false,""tools"":true,""reasoning"":true,""streaming"":true,""fine_tuning"":false,""structured_output"":true},""modalities"":{""input_text"":true,""input_audio"":false,""input_image"":false,""output_text"":true,""output_audio"":false,""output_image"":false},""parameters"":{""seed"":{""enabled"":false},""top_p"":{""max"":1,""min"":0,""enabled"":true},""verbosity"":{""enabled"":false},""temperature"":{""max"":1,""min"":0,""enabled"":true},""presence_penalty"":{""enabled"":false},""reasoning_effort"":{""enum"":[""low"",""medium"",""high""],""default"":""medium"",""enabled"":true},""frequency_penalty"":{""enabled"":false},""max_completion_tokens"":{""min"":0,""default"":10000,""enabled"":true}},""processing"":{}}",[],groq/gpt-oss-20b,c19eef3e-99bf-4ecf-9117-249a32b24100,,true,false,"{""input"":0,""output"":0,""audio_input"":0,""batch_input"":0,""audio_output"":0,""batch_output"":0,""cached_input"":0,""reasoning_output"":0,""batch_cached_input"":0,""cached_audio_input"":0}",false,{},{},false,"{""seed"":{""enabled"":false},""top_p"":{""enabled"":false},""verbosity"":{""enabled"":false},""max_tokens"":{""enabled"":false},""temperature"":{""enabled"":false},""presence_penalty"":{""enabled"":false},""frequency_penalty"":{""enabled"":false}}","{""input_text"":true,""input_audio"":false,""input_image"":false,""output_text"":true,""output_audio"":false,""output_image"":false}",,{},3,,,gpt-oss-20b
5,2025-11-24 23:57:47.912472+00,Kimi K2 0905,Groq,moonshotai/kimi-k2-instruct-0905,"{""method"":""response"",""features"":{""mcp"":false,""batch"":false,""tools"":true,""reasoning"":false,""streaming"":true,""fine_tuning"":false,""structured_output"":true},""modalities"":{""input_text"":true,""input_audio"":false,""input_image"":false,""output_text"":true,""output_audio"":false,""output_image"":false},""parameters"":{""seed"":{""enabled"":true},""top_p"":{""max"":1,""min"":0,""enabled"":true},""verbosity"":{""enabled"":false},""temperature"":{""max"":1,""min"":0,""enabled"":true},""presence_penalty"":{""enabled"":false},""frequency_penalty"":{""enabled"":false},""max_completion_tokens"":{""min"":0,""default"":8000,""enabled"":true}},""processing"":{}}",[],groq/kimi-k2-0905,c19eef3e-99bf-4ecf-9117-249a32b24100,,true,false,"{""input"":0,""output"":0,""audio_input"":0,""batch_input"":0,""audio_output"":0,""batch_output"":0,""cached_input"":0,""reasoning_output"":0,""batch_cached_input"":0,""cached_audio_input"":0}",false,{},{},false,"{""seed"":{""enabled"":false},""top_p"":{""enabled"":false},""verbosity"":{""enabled"":false},""max_tokens"":{""enabled"":false},""temperature"":{""enabled"":false},""presence_penalty"":{""enabled"":false},""frequency_penalty"":{""enabled"":false}}","{""input_text"":true,""input_audio"":false,""input_image"":false,""output_text"":true,""output_audio"":false,""output_image"":false}",,{},3,,,kimi-k2-0905
6,2025-11-24 23:57:47.912472+00,Llama 3.1 70B Versatile,Groq,llama-3.1-70b-versatile,"{""method"":""response"",""features"":{""mcp"":true,""batch"":false,""tools"":true,""reasoning"":false,""streaming"":true,""fine_tuning"":false,""structured_output"":true},""modalities"":{""input_text"":true,""input_audio"":false,""input_image"":false,""output_text"":true,""output_audio"":false,""output_image"":false},""parameters"":{""seed"":{""enabled"":true},""top_p"":{""max"":1,""min"":0,""enabled"":true},""verbosity"":{""enabled"":false},""temperature"":{""max"":1,""min"":0,""enabled"":true},""presence_penalty"":{""enabled"":false},""frequency_penalty"":{""enabled"":false},""max_completion_tokens"":{""min"":0,""default"":1024,""enabled"":true}},""processing"":{}}",[],groq/llama-3-1-70b-versatile,c19eef3e-99bf-4ecf-9117-249a32b24100,,true,false,"{""input"":0,""output"":0,""audio_input"":0,""batch_input"":0,""audio_output"":0,""batch_output"":0,""cached_input"":0,""reasoning_output"":0,""batch_cached_input"":0,""cached_audio_input"":0}",false,{},{},false,"{""seed"":{""enabled"":false},""top_p"":{""enabled"":false},""verbosity"":{""enabled"":false},""max_tokens"":{""enabled"":false},""temperature"":{""enabled"":false},""presence_penalty"":{""enabled"":false},""frequency_penalty"":{""enabled"":false}}","{""input_text"":true,""input_audio"":false,""input_image"":false,""output_text"":true,""output_audio"":false,""output_image"":false}",,{},3,,,llama-3-1-70b-versatile
7,2025-11-24 23:57:47.912472+00,Llama 4 Scout 17B 16E,Groq,meta-llama/llama-4-scout-17b-16e-instruct,"{""method"":""response"",""features"":{""mcp"":true,""batch"":false,""tools"":true,""reasoning"":false,""streaming"":true,""fine_tuning"":false,""structured_output"":true},""modalities"":{""input_text"":true,""input_audio"":false,""input_image"":true,""output_text"":true,""output_audio"":false,""output_image"":false},""parameters"":{""seed"":{""enabled"":true},""top_p"":{""max"":1,""min"":0,""default"":0.7,""enabled"":true},""verbosity"":{""enabled"":false},""temperature"":{""max"":2,""min"":0,""enabled"":true},""presence_penalty"":{""enabled"":false},""frequency_penalty"":{""enabled"":false},""max_completion_tokens"":{""min"":0,""default"":8000,""enabled"":true}},""processing"":{}}",[],groq/llama-4-scout-17b-16e,c19eef3e-99bf-4ecf-9117-249a32b24100,,true,false,"{""input"":0,""output"":0,""audio_input"":0,""batch_input"":0,""audio_output"":0,""batch_output"":0,""cached_input"":0,""reasoning_output"":0,""batch_cached_input"":0,""cached_audio_input"":0}",false,{},{},false,"{""seed"":{""enabled"":false},""top_p"":{""enabled"":false},""verbosity"":{""enabled"":false},""max_tokens"":{""enabled"":false},""temperature"":{""enabled"":false},""presence_penalty"":{""enabled"":false},""frequency_penalty"":{""enabled"":false}}","{""input_text"":true,""input_audio"":false,""input_image"":false,""output_text"":true,""output_audio"":false,""output_image"":false}",,{},3,,,llama-4-scout-17b-16e
8,2025-11-24 23:57:47.912472+00,Llama Guard 4 12B,Groq,llama-guard-4-12b,"{""method"":""response"",""features"":{""mcp"":false,""batch"":false,""tools"":false,""reasoning"":false,""streaming"":true,""fine_tuning"":false,""structured_output"":false},""modalities"":{""input_text"":true,""input_audio"":false,""input_image"":true,""output_text"":true,""output_audio"":false,""output_image"":false},""parameters"":{""seed"":{""enabled"":true},""top_p"":{""max"":1,""min"":0,""enabled"":true},""verbosity"":{""enabled"":false},""temperature"":{""max"":1,""min"":0,""enabled"":true},""presence_penalty"":{""enabled"":false},""frequency_penalty"":{""enabled"":false},""max_completion_tokens"":{""min"":0,""enabled"":true}},""processing"":{}}",[],groq/llama-guard-4-12b,c19eef3e-99bf-4ecf-9117-249a32b24100,,true,false,"{""input"":0,""output"":0,""audio_input"":0,""batch_input"":0,""audio_output"":0,""batch_output"":0,""cached_input"":0,""reasoning_output"":0,""batch_cached_input"":0,""cached_audio_input"":0}",false,{},{},false,"{""seed"":{""enabled"":false},""top_p"":{""enabled"":false},""verbosity"":{""enabled"":false},""max_tokens"":{""enabled"":false},""temperature"":{""enabled"":false},""presence_penalty"":{""enabled"":false},""frequency_penalty"":{""enabled"":false}}","{""input_text"":true,""input_audio"":false,""input_image"":false,""output_text"":true,""output_audio"":false,""output_image"":false}",,{},3,,,llama-guard-4-12b
9,2025-11-24 23:57:47.912472+00,Qwen 3 32B,Groq,qwen/qwen3-32b,"{""method"":""response"",""features"":{""mcp"":false,""batch"":false,""tools"":true,""reasoning"":true,""streaming"":false,""fine_tuning"":false,""structured_output"":false},""modalities"":{""input_text"":true,""input_audio"":false,""input_image"":false,""output_text"":true,""output_audio"":false,""output_image"":false},""parameters"":{""seed"":{""enabled"":true},""top_p"":{""max"":1,""min"":0,""enabled"":true},""verbosity"":{""enabled"":false},""temperature"":{""max"":1,""min"":0,""enabled"":true},""presence_penalty"":{""enabled"":false},""reasoning_effort"":{""enabled"":false},""frequency_penalty"":{""enabled"":false},""max_completion_tokens"":{""min"":0,""enabled"":true}},""processing"":{""reasoning.message_think_tag"":true}}",[],groq/qwen-3-32b,c19eef3e-99bf-4ecf-9117-249a32b24100,,true,false,"{""input"":0,""output"":0,""audio_input"":0,""batch_input"":0,""audio_output"":0,""batch_output"":0,""cached_input"":0,""reasoning_output"":0,""batch_cached_input"":0,""cached_audio_input"":0}",false,{},{},false,"{""seed"":{""enabled"":false},""top_p"":{""enabled"":false},""verbosity"":{""enabled"":false},""max_tokens"":{""enabled"":false},""temperature"":{""enabled"":false},""presence_penalty"":{""enabled"":false},""frequency_penalty"":{""enabled"":false}}","{""input_text"":true,""input_audio"":false,""input_image"":false,""output_text"":true,""output_audio"":false,""output_image"":false}",,{},3,,,qwen-3-32b
10,2025-11-25 17:31:17.974794+00,Grok 4,xAI,grok-4,"{""method"":""completion"",""features"":{""mcp"":false,""batch"":false,""tools"":true,""reasoning"":true,""streaming"":true,""fine_tuning"":false,""structured_output"":true},""modalities"":{""input_text"":true,""input_audio"":false,""input_image"":false,""output_text"":true,""output_audio"":false,""output_image"":false},""parameters"":{""seed"":{""enabled"":true},""top_p"":{""max"":1,""min"":0,""enabled"":true},""verbosity"":{""enabled"":false},""temperature"":{""max"":2,""min"":0,""enabled"":true},""presence_penalty"":{""max"":2,""min"":-2,""enabled"":true},""frequency_penalty"":{""max"":2,""min"":-2,""enabled"":true},""max_completion_tokens"":{""min"":0,""enabled"":true}},""processing"":{}}",[],xai/grok-4,0bea2e41-fee8-47c9-b428-0d3b4fc221f0,,true,false,"{""input"":0,""output"":0,""audio_input"":0,""batch_input"":0,""audio_output"":0,""batch_output"":0,""cached_input"":0,""reasoning_output"":0,""batch_cached_input"":0,""cached_audio_input"":0}",false,{},{},false,"{""seed"":{""enabled"":false},""top_p"":{""enabled"":false},""verbosity"":{""enabled"":false},""max_tokens"":{""enabled"":false},""temperature"":{""enabled"":false},""presence_penalty"":{""enabled"":false},""frequency_penalty"":{""enabled"":false}}","{""input_text"":true,""input_audio"":false,""input_image"":false,""output_text"":true,""output_audio"":false,""output_image"":false}",,{},4,,,grok-4
11,2025-11-25 17:31:17.974794+00,Grok 4-1 Fast (Reasoning),xAI,grok-4-1-fast-reasoning,"{""method"":""completion"",""features"":{""mcp"":true,""batch"":false,""tools"":true,""reasoning"":true,""streaming"":true,""fine_tuning"":false,""structured_output"":true},""modalities"":{""input_text"":true,""input_audio"":false,""input_image"":true,""output_text"":true,""output_audio"":false,""output_image"":false},""parameters"":{""seed"":{""enabled"":true},""top_p"":{""max"":1,""min"":0,""default"":1,""enabled"":true},""verbosity"":{""enabled"":false},""temperature"":{""max"":1,""min"":0,""default"":1,""enabled"":true},""presence_penalty"":{""enabled"":false},""reasoning_effort"":{""enabled"":false},""frequency_penalty"":{""enabled"":false},""max_completion_tokens"":{""min"":0,""default"":50000,""enabled"":true}},""processing"":{}}",[],xai/grok-4-1-fast-reasoning,0bea2e41-fee8-47c9-b428-0d3b4fc221f0,,true,false,"{""input"":0,""output"":0,""audio_input"":0,""batch_input"":0,""audio_output"":0,""batch_output"":0,""cached_input"":0,""reasoning_output"":0,""batch_cached_input"":0,""cached_audio_input"":0}",false,{},{},false,"{""seed"":{""enabled"":false},""top_p"":{""enabled"":false},""verbosity"":{""enabled"":false},""max_tokens"":{""enabled"":false},""temperature"":{""enabled"":false},""presence_penalty"":{""enabled"":false},""frequency_penalty"":{""enabled"":false}}","{""input_text"":true,""input_audio"":false,""input_image"":false,""output_text"":true,""output_audio"":false,""output_image"":false}",,{},4,,,grok-4-1-fast-reasoning
19,2025-11-25 18:09:30.307436+00,Deepseek R1 05/28,Fireworks AI,accounts/fireworks/models/deepseek-r1-0528,"{""method"":""completion"",""features"":{""mcp"":false,""batch"":false,""tools"":true,""reasoning"":true,""streaming"":true,""fine_tuning"":false,""structured_output"":true},""modalities"":{""input_text"":true,""input_audio"":false,""input_image"":false,""output_text"":true,""output_audio"":false,""output_image"":false},""parameters"":{""seed"":{""enabled"":false},""top_p"":{""max"":1,""min"":0,""default"":0.5,""enabled"":true},""verbosity"":{""enabled"":false},""temperature"":{""max"":1,""min"":0,""default"":0.5,""enabled"":true},""presence_penalty"":{""enabled"":false},""frequency_penalty"":{""enabled"":false},""max_completion_tokens"":{""enabled"":false}},""processing"":{""reasoning.message_think_tag"":true}}",[],fireworks/deepseek-r1-05-28,93363fe5-ade9-4e99-a066-fdf20cb04812,,true,false,"{""input"":0,""output"":0,""audio_input"":0,""batch_input"":0,""audio_output"":0,""batch_output"":0,""cached_input"":0,""reasoning_output"":0,""batch_cached_input"":0,""cached_audio_input"":0}",false,{},{},false,"{""seed"":{""enabled"":false},""top_p"":{""enabled"":false},""verbosity"":{""enabled"":false},""max_tokens"":{""enabled"":false},""temperature"":{""enabled"":false},""presence_penalty"":{""enabled"":false},""frequency_penalty"":{""enabled"":false}}","{""input_text"":true,""input_audio"":false,""input_image"":false,""output_text"":true,""output_audio"":false,""output_image"":false}",,{},5,,,deepseek-r1-05-28
20,2025-11-25 18:09:30.307436+00,Kimi K2 Instruct,Fireworks AI,accounts/fireworks/models/kimi-k2-instruct,"{""method"":""completion"",""features"":{""mcp"":false,""batch"":false,""tools"":true,""reasoning"":false,""streaming"":true,""fine_tuning"":false,""structured_output"":false},""modalities"":{""input_text"":true,""input_audio"":false,""input_image"":false,""output_text"":true,""output_audio"":false,""output_image"":false},""parameters"":{""seed"":{""enabled"":false},""top_p"":{""enabled"":true},""verbosity"":{""enabled"":false},""temperature"":{""enabled"":true},""presence_penalty"":{""enabled"":false},""frequency_penalty"":{""enabled"":false},""max_completion_tokens"":{""enabled"":true}},""processing"":{}}",[],fireworks/kimi-k2-instruct,93363fe5-ade9-4e99-a066-fdf20cb04812,,true,false,"{""input"":0,""output"":0,""audio_input"":0,""batch_input"":0,""audio_output"":0,""batch_output"":0,""cached_input"":0,""reasoning_output"":0,""batch_cached_input"":0,""cached_audio_input"":0}",false,{},{},false,"{""seed"":{""enabled"":false},""top_p"":{""enabled"":false},""verbosity"":{""enabled"":false},""max_tokens"":{""enabled"":false},""temperature"":{""enabled"":false},""presence_penalty"":{""enabled"":false},""frequency_penalty"":{""enabled"":false}}","{""input_text"":true,""input_audio"":false,""input_image"":false,""output_text"":true,""output_audio"":false,""output_image"":false}",,{},5,,,kimi-k2-instruct
21,2025-11-25 18:09:30.307436+00,Kimi K2 Thinking,Fireworks AI,accounts/fireworks/models/kimi-k2-thinking,"{""method"":""completion"",""features"":{""mcp"":false,""batch"":false,""tools"":true,""reasoning"":true,""streaming"":true,""fine_tuning"":false,""structured_output"":false},""modalities"":{""input_text"":true,""input_audio"":false,""input_image"":false,""output_text"":true,""output_audio"":false,""output_image"":false},""parameters"":{""seed"":{""enabled"":false},""top_k"":{""max"":100,""min"":0,""default"":40,""enabled"":true},""top_p"":{""max"":1,""min"":0,""default"":1,""enabled"":true},""verbosity"":{""enabled"":false},""temperature"":{""max"":1,""min"":0,""default"":0.6,""enabled"":true},""presence_penalty"":{""max"":2,""min"":-2,""default"":0,""enabled"":true},""frequency_penalty"":{""max"":2,""min"":-2,""default"":0,""enabled"":true},""max_completion_tokens"":{""min"":0,""default"":4000,""enabled"":true}},""processing"":{""reasoning.message_think_tag"":true}}",[],fireworks/kimi-k2-thinking,93363fe5-ade9-4e99-a066-fdf20cb04812,,true,false,"{""input"":0,""output"":0,""audio_input"":0,""batch_input"":0,""audio_output"":0,""batch_output"":0,""cached_input"":0,""reasoning_output"":0,""batch_cached_input"":0,""cached_audio_input"":0}",false,{},{},false,"{""seed"":{""enabled"":false},""top_p"":{""enabled"":false},""verbosity"":{""enabled"":false},""max_tokens"":{""enabled"":false},""temperature"":{""enabled"":false},""presence_penalty"":{""enabled"":false},""frequency_penalty"":{""enabled"":false}}","{""input_text"":true,""input_audio"":false,""input_image"":false,""output_text"":true,""output_audio"":false,""output_image"":false}",,{},5,,,kimi-k2-thinking
22,2025-11-25 18:09:30.307436+00,Llama 4 Maverick Instruct (Basic),Fireworks AI,accounts/fireworks/models/llama4-maverick-instruct-basic,"{""method"":""completion"",""features"":{""mcp"":false,""batch"":false,""tools"":true,""reasoning"":false,""streaming"":true,""fine_tuning"":false,""structured_output"":true},""modalities"":{""input_text"":true,""input_audio"":false,""input_image"":false,""output_text"":true,""output_audio"":false,""output_image"":false},""parameters"":{""seed"":{""enabled"":false},""top_p"":{""max"":1,""min"":0,""default"":1,""enabled"":true},""verbosity"":{""enabled"":false},""temperature"":{""max"":2,""min"":0,""default"":0.6,""enabled"":true},""presence_penalty"":{""max"":2,""min"":-2,""default"":0,""enabled"":true},""frequency_penalty"":{""max"":2,""min"":-2,""enabled"":true},""max_completion_tokens"":{""enabled"":false}},""processing"":{}}",[],fireworks/llama-4-maverick-instruct-basic,93363fe5-ade9-4e99-a066-fdf20cb04812,,true,false,"{""input"":0,""output"":0,""audio_input"":0,""batch_input"":0,""audio_output"":0,""batch_output"":0,""cached_input"":0,""reasoning_output"":0,""batch_cached_input"":0,""cached_audio_input"":0}",false,{},{},false,"{""seed"":{""enabled"":false},""top_p"":{""enabled"":false},""verbosity"":{""enabled"":false},""max_tokens"":{""enabled"":false},""temperature"":{""enabled"":false},""presence_penalty"":{""enabled"":false},""frequency_penalty"":{""enabled"":false}}","{""input_text"":true,""input_audio"":false,""input_image"":false,""output_text"":true,""output_audio"":false,""output_image"":false}",,{},5,,,llama-4-maverick-instruct-basic
23,2025-11-25 18:09:30.307436+00,Qwen3 235B-A22B-Thinking-2507,Fireworks AI,accounts/fireworks/models/qwen3-235b-a22b-thinking-2507,"{""method"":""completion"",""features"":{""mcp"":false,""batch"":false,""tools"":true,""reasoning"":true,""streaming"":false,""fine_tuning"":false,""structured_output"":true},""modalities"":{""input_text"":true,""input_audio"":false,""input_image"":false,""output_text"":true,""output_audio"":false,""output_image"":false},""parameters"":{""seed"":{""enabled"":false},""top_p"":{""enabled"":false},""verbosity"":{""enabled"":false},""temperature"":{""enabled"":false},""presence_penalty"":{""enabled"":false},""frequency_penalty"":{""enabled"":false},""max_completion_tokens"":{""enabled"":false}},""processing"":{}}",[],fireworks/qwen3-235b-a22b-thinking-2507,93363fe5-ade9-4e99-a066-fdf20cb04812,,true,false,"{""input"":0,""output"":0,""audio_input"":0,""batch_input"":0,""audio_output"":0,""batch_output"":0,""cached_input"":0,""reasoning_output"":0,""batch_cached_input"":0,""cached_audio_input"":0}",false,{},{},false,"{""seed"":{""enabled"":false},""top_p"":{""enabled"":false},""verbosity"":{""enabled"":false},""max_tokens"":{""enabled"":false},""temperature"":{""enabled"":false},""presence_penalty"":{""enabled"":false},""frequency_penalty"":{""enabled"":false}}","{""input_text"":true,""input_audio"":false,""input_image"":false,""output_text"":true,""output_audio"":false,""output_image"":false}",,{},5,,,qwen3-235b-a22b-thinking-2507
24,2025-11-25 18:09:30.307436+00,Z.ai GLM 4.6,Fireworks AI,accounts/fireworks/models/glm-4p6,"{""method"":""completion"",""features"":{""mcp"":false,""batch"":false,""tools"":true,""reasoning"":true,""streaming"":false,""fine_tuning"":false,""structured_output"":true},""modalities"":{""input_text"":true,""input_audio"":false,""input_image"":false,""output_text"":true,""output_audio"":false,""output_image"":false},""parameters"":{""seed"":{""enabled"":false},""top_p"":{""enabled"":false},""verbosity"":{""enabled"":false},""temperature"":{""enabled"":false},""presence_penalty"":{""enabled"":false},""frequency_penalty"":{""enabled"":false},""max_completion_tokens"":{""enabled"":false}},""processing"":{}}",[],fireworks/z-ai-glm-4-6,93363fe5-ade9-4e99-a066-fdf20cb04812,,true,false,"{""input"":0,""output"":0,""audio_input"":0,""batch_input"":0,""audio_output"":0,""batch_output"":0,""cached_input"":0,""reasoning_output"":0,""batch_cached_input"":0,""cached_audio_input"":0}",false,{},{},false,"{""seed"":{""enabled"":false},""top_p"":{""enabled"":false},""verbosity"":{""enabled"":false},""max_tokens"":{""enabled"":false},""temperature"":{""enabled"":false},""presence_penalty"":{""enabled"":false},""frequency_penalty"":{""enabled"":false}}","{""input_text"":true,""input_audio"":false,""input_image"":false,""output_text"":true,""output_audio"":false,""output_image"":false}",,{},5,,,z-ai-glm-4-6
25,2025-11-25 18:09:30.307436+00,GPT OSS 120B,Fireworks AI,accounts/fireworks/models/gpt-oss-120b,"{""method"":""completion"",""features"":{""mcp"":false,""batch"":false,""tools"":true,""reasoning"":true,""streaming"":true,""fine_tuning"":false,""structured_output"":false},""modalities"":{""input_text"":true,""input_audio"":false,""input_image"":false,""output_text"":true,""output_audio"":false,""output_image"":false},""parameters"":{""seed"":{""enabled"":false},""top_p"":{""max"":1,""min"":0,""enabled"":true},""verbosity"":{""enabled"":false},""temperature"":{""max"":1,""min"":0,""enabled"":true},""presence_penalty"":{""enabled"":false},""frequency_penalty"":{""enabled"":false},""reasoning_summary"":{""enabled"":false},""max_completion_tokens"":{""enabled"":false}},""processing"":{}}",[],fireworks/gpt-oss-120b,93363fe5-ade9-4e99-a066-fdf20cb04812,,true,false,"{""input"":0,""output"":0,""audio_input"":0,""batch_input"":0,""audio_output"":0,""batch_output"":0,""cached_input"":0,""reasoning_output"":0,""batch_cached_input"":0,""cached_audio_input"":0}",false,{},{},false,"{""seed"":{""enabled"":false},""top_p"":{""enabled"":false},""verbosity"":{""enabled"":false},""max_tokens"":{""enabled"":false},""temperature"":{""enabled"":false},""presence_penalty"":{""enabled"":false},""frequency_penalty"":{""enabled"":false}}","{""input_text"":true,""input_audio"":false,""input_image"":false,""output_text"":true,""output_audio"":false,""output_image"":false}",,{},5,,,gpt-oss-120b
26,2025-11-25 18:09:30.307436+00,GPT OSS 20B,Fireworks AI,accounts/fireworks/models/gpt-oss-20b,"{""method"":""completion"",""features"":{""mcp"":true,""batch"":false,""tools"":true,""reasoning"":true,""streaming"":true,""fine_tuning"":false,""structured_output"":true},""modalities"":{""input_text"":true,""input_audio"":false,""input_image"":false,""output_text"":true,""output_audio"":false,""output_image"":false},""parameters"":{""seed"":{""enabled"":false},""top_p"":{""max"":1,""min"":0,""enabled"":true},""verbosity"":{""enabled"":false},""temperature"":{""max"":1,""min"":0,""enabled"":true},""presence_penalty"":{""enabled"":false},""frequency_penalty"":{""enabled"":false},""max_completion_tokens"":{""enabled"":false}},""processing"":{}}",[],fireworks/gpt-oss-20b,93363fe5-ade9-4e99-a066-fdf20cb04812,,true,false,"{""input"":0,""output"":0,""audio_input"":0,""batch_input"":0,""audio_output"":0,""batch_output"":0,""cached_input"":0,""reasoning_output"":0,""batch_cached_input"":0,""cached_audio_input"":0}",false,{},{},false,"{""seed"":{""enabled"":false},""top_p"":{""enabled"":false},""verbosity"":{""enabled"":false},""max_tokens"":{""enabled"":false},""temperature"":{""enabled"":false},""presence_penalty"":{""enabled"":false},""frequency_penalty"":{""enabled"":false}}","{""input_text"":true,""input_audio"":false,""input_image"":false,""output_text"":true,""output_audio"":false,""output_image"":false}",,{},5,,,gpt-oss-20b
28,2025-11-28 13:22:54.020718+00,GPT-4o mini,OpenAI,gpt-4o-mini,{},[],openai/gpt-4o-mini,7c654c03-6691-40e5-84a2-3634a3d6e513,"Fast, affordable small model for focused tasks",true,false,"{""input"":0.15,""output"":0.6,""audio_input"":0,""batch_input"":0,""audio_output"":0,""batch_output"":0,""cached_input"":0,""reasoning_output"":0,""batch_cached_input"":0,""cached_audio_input"":0}",false,"{""mcp"":false,""batch"":true,""tools"":true,""realtime"":false,""reasoning"":false,""streaming"":true,""fine_tuning"":true,""structured_output"":true}","{""context_window"":128000,""max_output_tokens"":16384}",false,"{""seed"":{""enabled"":true},""top_p"":{""max"":1,""min"":0,""default"":0.5,""enabled"":true},""verbosity"":{""enabled"":false},""temperature"":{""max"":1,""min"":0,""default"":0.5,""enabled"":true},""presence_penalty"":{""max"":2,""min"":-2,""default"":0,""enabled"":true},""frequency_penalty"":{""max"":2,""min"":-2,""enabled"":true},""max_completion_tokens"":{""min"":0,""default"":512,""enabled"":true}}","{""input_text"":true,""input_audio"":false,""input_image"":false,""output_text"":true,""output_audio"":false,""output_image"":false}",response,"{""reasoning.message_think_tag"":false}",2,,,gpt-4o-mini
29,2025-11-28 13:22:54.020718+00,GPT-5 mini,OpenAI,gpt-5-mini,{},[],openai/gpt-5-mini,7c654c03-6691-40e5-84a2-3634a3d6e513,"A faster, more cost-efficient version of GPT-5 for well-defined tasks",true,false,"{""input"":0.25,""output"":2,""audio_input"":0,""batch_input"":0.125,""audio_output"":0,""batch_output"":1,""cached_input"":0.025,""reasoning_output"":0,""batch_cached_input"":0.013,""cached_audio_input"":0}",false,"{""mcp"":true,""batch"":true,""tools"":true,""reasoning"":true,""streaming"":true,""internal_tools"":[{""id"":""meqw8uob"",""icon"":""Globe"",""type"":""web_search_preview"",""label"":""Web Search"",""description"":""Allow models to search the web for the latest information before generating a response.""},{""id"":""meqw8vkm"",""icon"":""Image"",""type"":""image_generation"",""label"":""Image Generation"",""description"":""Allow models to generate or edit images.""}],""structured_output"":true}","{""context_window"":400000,""max_output_tokens"":128000}",true,"{""verbosity"":{""enum"":[""low"",""medium"",""high""],""default"":""medium"",""enabled"":true},""reasoning_effort"":{""enum"":[""minimal"",""low"",""medium"",""high""],""default"":""medium"",""enabled"":true},""reasoning_summary"":{""enum"":[""detailed"",""auto"",""null""],""default"":""auto"",""enabled"":true},""max_completion_tokens"":{""min"":16,""default"":1500,""enabled"":true}}","{""input_text"":true,""input_audio"":false,""input_image"":true,""output_text"":true,""output_audio"":false,""output_image"":false}",response,{},2,,,gpt-5-mini
30,2025-11-28 13:22:54.020718+00,GPT-5 nano,OpenAI,gpt-5-nano,{},[],openai/gpt-5-nano,7c654c03-6691-40e5-84a2-3634a3d6e513,"Fastest, most cost-efficient version of GPT-5",true,false,"{""input"":0.125,""output"":0.4,""audio_input"":0,""batch_input"":0.025,""audio_output"":0,""batch_output"":0.2,""cached_input"":0.005,""reasoning_output"":0,""batch_cached_input"":0.003,""cached_audio_input"":0}",false,"{""mcp"":true,""batch"":true,""tools"":true,""reasoning"":true,""streaming"":true,""internal_tools"":[{""id"":""meqw8z1e"",""icon"":""Globe"",""type"":""web_search_preview"",""label"":""Web Search"",""description"":""Allow models to search the web for the latest information before generating a response.""},{""id"":""meqw8zqt"",""icon"":""Image"",""type"":""image_generation"",""label"":""Image Generation"",""description"":""Allow models to generate or edit images.""}],""structured_output"":true}","{""context_window"":400000,""max_output_tokens"":128000}",true,"{""seed"":{""enabled"":false},""top_p"":{""enabled"":false},""verbosity"":{""enum"":[""low"",""medium"",""high""],""default"":""medium"",""enabled"":true},""temperature"":{""enabled"":false},""reasoning_effort"":{""enum"":[""minimal"",""low"",""medium"",""high""],""default"":""medium"",""enabled"":true},""reasoning_summary"":{""enum"":[""detailed"",""auto"",""null""],""default"":""auto"",""enabled"":true},""max_completion_tokens"":{""min"":16,""default"":1500,""enabled"":true}}","{""input_text"":true,""input_audio"":false,""input_image"":true,""output_text"":true,""output_audio"":false,""output_image"":false}",response,{},2,,,gpt-5-nano
31,2025-11-28 13:22:54.020718+00,GPT-5,OpenAI,gpt-5,{},[],openai/gpt-5,7c654c03-6691-40e5-84a2-3634a3d6e513,The best model for coding and agentic tasks across domains,true,false,"{""input"":1.25,""output"":10,""audio_input"":0,""batch_input"":0.625,""audio_output"":0,""batch_output"":5,""cached_input"":0.125,""reasoning_output"":0,""batch_cached_input"":0.063,""cached_audio_input"":0}",false,"{""mcp"":true,""batch"":true,""tools"":true,""reasoning"":true,""streaming"":true,""fine_tuning"":true,""internal_tools"":[{""id"":""meqw3zkv"",""icon"":""Globe"",""type"":""web_search_preview"",""label"":""Web Search"",""description"":""Allow models to search the web for the latest information before generating a response.""},{""id"":""meqw7jse"",""icon"":""Image"",""type"":""image_generation"",""label"":""Image Generation"",""description"":""Allow models to generate or edit images.""}],""structured_output"":true}","{""context_window"":400000,""max_output_tokens"":128000}",true,"{""top_p"":{""enabled"":false},""verbosity"":{""enum"":[""low"",""medium"",""high""],""default"":""medium"",""enabled"":true},""temperature"":{""enabled"":false},""reasoning_effort"":{""enum"":[""minimal"",""low"",""medium"",""high""],""default"":""medium"",""enabled"":true},""reasoning_summary"":{""enum"":[""detailed"",""auto"",""null""],""default"":""auto"",""enabled"":true},""max_completion_tokens"":{""min"":16,""default"":1500,""enabled"":true}}","{""input_text"":true,""input_audio"":false,""input_image"":true,""output_text"":true,""output_audio"":false,""output_image"":false}",response,{},2,,,gpt-5
32,2025-11-28 13:22:54.020718+00,o4-mini-deep-research,OpenAI,o4-mini-deep-research,{},[],openai/o4-mini-deep-research,7c654c03-6691-40e5-84a2-3634a3d6e513,"Faster, more affordable deep research model",true,false,"{""input"":2,""output"":8,""audio_input"":0,""batch_input"":1,""audio_output"":0,""batch_output"":4,""cached_input"":0.5,""reasoning_output"":0,""batch_cached_input"":0,""cached_audio_input"":0}",false,"{""batch"":true,""tools"":true,""streaming"":true}","{""context_window"":200000,""max_output_tokens"":100000}",false,"{""seed"":{""enabled"":false},""top_p"":{""enabled"":false},""verbosity"":{""enabled"":false},""max_tokens"":{""enabled"":false},""temperature"":{""enabled"":false},""presence_penalty"":{""enabled"":false},""frequency_penalty"":{""enabled"":false}}","{""input_text"":true,""input_audio"":false,""input_image"":true,""output_text"":true,""output_audio"":false,""output_image"":false}",completion,{},2,,,o4-mini-deep-research
33,2025-11-28 13:22:54.020718+00,o3-deep-research,OpenAI,o3-deep-research,{},[],openai/o3-deep-research,7c654c03-6691-40e5-84a2-3634a3d6e513,Our most powerful deep research model,true,false,"{""input"":10,""output"":40,""audio_input"":0,""batch_input"":5,""audio_output"":0,""batch_output"":20,""cached_input"":2.5,""reasoning_output"":0,""batch_cached_input"":0,""cached_audio_input"":0}",false,"{""batch"":true,""tools"":true,""streaming"":true}","{""context_window"":200000,""max_output_tokens"":100000}",false,"{""seed"":{""enabled"":false},""top_p"":{""enabled"":false},""verbosity"":{""enabled"":false},""max_tokens"":{""enabled"":false},""temperature"":{""enabled"":false},""presence_penalty"":{""enabled"":false},""frequency_penalty"":{""enabled"":false}}","{""input_text"":true,""input_audio"":false,""input_image"":true,""output_text"":true,""output_audio"":false,""output_image"":false}",response,{},2,,,o3-deep-research
35,2025-12-07 15:33:04.013926+00,DeepSeek Chat (V3.2),DeepSeek,deepseek-chat,{},[],deepseek/deepseek-chat,dca2f868-46fa-4efe-bca8-bd34fb612d00,DeepSeek-V3.2 non-thinking mode (chat completions compatible OpenAI),true,false,"{""input"":0.14,""output"":0.21,""audio_input"":0,""batch_input"":0,""audio_output"":0,""batch_output"":0,""cached_input"":0.01,""reasoning_output"":0,""batch_cached_input"":0,""cached_audio_input"":0}",false,"{""tools"":true,""reasoning"":false,""streaming"":true,""structured_output"":true}",{},false,"{""stop"":{""enabled"":true},""top_p"":{""max"":1,""min"":0,""default"":1,""enabled"":true},""temperature"":{""max"":2,""min"":0,""default"":1,""enabled"":true},""presence_penalty"":{""max"":2,""min"":-2,""default"":0,""enabled"":true},""frequency_penalty"":{""max"":2,""min"":-2,""default"":0,""enabled"":true},""max_completion_tokens"":{""min"":0,""default"":4096,""enabled"":true}}","{""input_text"":true,""input_audio"":false,""input_image"":false,""output_text"":true,""output_audio"":false,""output_image"":false}",completion,{},10,,,deepseek-chat
36,2025-12-07 15:33:04.013926+00,DeepSeek Reasoner (V3.2),DeepSeek,deepseek-reasoner,{},[],deepseek/deepseek-reasoner,dca2f868-46fa-4efe-bca8-bd34fb612d00,"DeepSeek-V3.2 thinking mode (reasoning, tool use compatible OpenAI)",true,false,"{""input"":0.14,""output"":0.21,""audio_input"":0,""batch_input"":0,""audio_output"":0,""batch_output"":0,""cached_input"":0.01,""reasoning_output"":0,""batch_cached_input"":0,""cached_audio_input"":0}",false,"{""tools"":true,""reasoning"":true,""streaming"":true,""structured_output"":true}",{},true,"{""stop"":{""enabled"":true},""top_p"":{""max"":1,""min"":0,""default"":1,""enabled"":true},""temperature"":{""max"":2,""min"":0,""default"":1,""enabled"":true},""presence_penalty"":{""max"":2,""min"":-2,""default"":0,""enabled"":true},""frequency_penalty"":{""max"":2,""min"":-2,""default"":0,""enabled"":true},""max_completion_tokens"":{""min"":0,""default"":4096,""enabled"":true}}","{""input_text"":true,""input_audio"":false,""input_image"":false,""output_text"":true,""output_audio"":false,""output_image"":false}",completion,{},10,,,deepseek-reasoner